{"cameraMode":{"drawMode":0,"name":"Shaded","section":"Shading Mode"},"sceneLighting":false,"audioPlay":false,"sceneViewState":{"showFog":true,"showMaterialUpdate":true,"showSkybox":false,"showFlares":true,"showImageEffects":true,"showParticleSystems":true},"in2DMode":false,"pivot":{"x":-0.11720265448093414,"y":-0.12874996662139893,"z":0.00828462839126587},"rotation":{"x":-0.01649600826203823,"y":0.019496353343129159,"z":-0.00032172788633033633,"w":-0.9996738433837891},"size":24.254837036132814,"orthographic":false}